{
  "src": [
    [
      160.70599365234375,
      143.83639526367188,
      -0.7142857313156128
    ],
    [
      15.113873481750488,
      77.44734191894531,
      -0.48571425676345825
    ],
    [
      18.061492919921875,
      97.12370300292969,
      -0.7142857313156128
    ],
    [
      149.03848266601562,
      20.003883361816406,
      -0.7142857313156128
    ]
  ],
  "tgt": [
    [
      161.85707092285156,
      143.78521728515625,
      18.000001907348633
    ],
    [
      15.201957702636719,
      77.83621215820312,
      9.999999046325684
    ],
    [
      17.919145584106445,
      96.97726440429688,
      18.000001907348633
    ],
    [
      148.76638793945312,
      20.01543617248535,
      18.000001907348633
    ]
  ],
  "s_idx": [
    0,
    2,
    0,
    0
  ],
  "t_idx": [
    2,
    0,
    2,
    2
  ]
}